State,Aug-11,Sep-11,Oct-11,Nov-11,Dec-11,Jan-12,Feb-12,Mar-12,Apr-12,May-12,Jun-12,Jul-12,Aug-12,Sep-12,Oct-12,Nov-12,Dec-12,Jan-13,Feb-13,Mar-13,Apr-13,May-13,Jun-13,Jul-13,Aug-13,Sep-13,Oct-13,Nov-13,Dec-13,Jan-14,Feb-14,Mar-14,Apr-14,May-14,Jun-14,Jul-14,Aug-14,Sep-14,Oct-14,Nov-14,Dec-14,Jan-15,Feb-15,Mar-15,Apr-15,May-15,Jun-15,Jul-15,Aug-15,Sep-15,Oct-15,Nov-15,Dec-15,Jan-16,Feb-16,Mar-16,Apr-16,May-16,Jun-16,Jul-16,Aug-16,Sep-16,Oct-16,Nov-16,Dec-16,Jan-17,Feb-17,Mar-17,Apr-17,May-17,Jun-17,Jul-17,Aug-17,Sep-17,Oct-17,Nov-17,Dec-17,Jan-18,Feb-18,Mar-18,Apr-18,May-18,Jun-18,Jul-18,Aug-18,Sep-18,Oct-18,Nov-18,Dec-18,Jan-19,Feb-19,Mar-19,Apr-19,May-19,Jun-19,Jul-19,Aug-19,Sep-19,Oct-19,Nov-19,Dec-19,Jan-20,Feb-20,Mar-20,Apr-20,May-20,Jun-20,Jul-20,Aug-20,Sep-20,Oct-20,Nov-20,Dec-20,Jan-21,Feb-21,Mar-21,Apr-21,May-21,Jun-21,Jul-21,Aug-21
Alabama,9.6,9.4,9.2,8.9,8.7,8.5,8.4,8.4,8.4,8.4,8.3,8.2,8.1,7.9,7.8,7.8,7.7,7.6,7.6,7.5,7.4,7.3,7.3,7.2,7.2,7.2,7.2,7.2,7.2,7.2,7.1,7.1,7,6.9,6.8,6.7,6.6,6.5,6.4,6.3,6.2,6.1,6.1,6.1,6.1,6.1,6.2,6.2,6.2,6.1,6.1,6.1,6.1,6.1,6,6,5.9,5.9,5.9,5.9,5.9,5.9,5.9,5.8,5.7,5.5,5.3,5.1,4.9,4.7,4.5,4.4,4.3,4.2,4.1,4,4,4,4,4,4,4,4,4,3.9,3.9,3.8,3.8,3.7,3.6,3.5,3.3,3.2,3.1,2.9,2.9,2.8,2.8,2.8,2.7,2.7,2.7,2.6,2.6,13.2,7.9,7.7,7.4,7.1,6.7,4.7,4.7,4.7,4.3,4,3.8,3.6,3.4,3.3,3.2,3.1
Alaska,7.7,7.7,7.7,7.6,7.5,7.5,7.4,7.4,7.3,7.3,7.3,7.2,7.2,7.1,7.1,7.1,7.1,7.1,7,7,7,7,7,7,7,7,7,6.9,6.9,6.9,6.9,6.9,6.9,6.9,6.9,6.8,6.8,6.7,6.5,6.4,6.3,6.2,6.3,6.3,6.3,6.3,6.3,6.2,6.2,6.2,6.3,6.3,6.4,6.4,6.5,6.5,6.5,6.6,6.6,6.6,6.7,6.7,6.7,6.7,6.7,6.6,6.6,6.5,6.5,6.5,6.5,6.5,6.5,6.5,6.5,6.4,6.4,6.3,6.2,6.1,6,5.9,5.9,5.8,5.8,5.8,5.8,5.8,5.8,5.8,5.7,5.6,5.5,5.4,5.4,5.4,5.4,5.3,5.2,5,5,5,5.1,5.1,11.8,11.6,11.3,11,7.2,7,6.5,6.5,6.5,6.6,6.6,6.7,6.7,6.6,6.6,6.6,6.4
Arizona,9.4,9.3,9.1,9,8.8,8.7,8.6,8.6,8.5,8.5,8.4,8.3,8.2,8.1,8.1,8.1,8.1,8.1,8.1,8,8,7.9,7.9,7.8,7.8,7.7,7.6,7.5,7.4,7.2,7.1,7,6.9,6.9,6.8,6.7,6.7,6.7,6.6,6.5,6.4,6.4,6.3,6.2,6.2,6.1,6.1,6.1,6,6,5.9,5.8,5.8,5.7,5.6,5.6,5.6,5.5,5.5,5.5,5.4,5.4,5.4,5.3,5.3,5.2,5.2,5.1,5,5,4.9,4.9,4.8,4.8,4.8,4.9,4.9,4.9,4.8,4.8,4.7,4.7,4.7,4.7,4.8,4.8,4.9,5,5,5,5,5,4.9,4.9,4.9,4.9,4.8,4.8,4.7,4.7,4.7,4.8,4.9,5,14.2,10.6,10.7,10.4,7,6.9,6.8,6.8,6.8,6.7,6.9,6.7,6.7,6.7,6.8,6.6,6.2
Arkansas,8,7.9,7.8,7.7,7.5,7.4,7.3,7.3,7.3,7.3,7.3,7.3,7.2,7.2,7.2,7.2,7.2,7.2,7.2,7.2,7.2,7.2,7.1,7.1,7.1,7,6.9,6.7,6.6,6.5,6.3,6.2,6,6,5.9,5.8,5.7,5.7,5.6,5.6,5.5,5.5,5.4,5.4,5.3,5.2,5.1,4.9,4.8,4.6,4.5,4.4,4.3,4.2,4.1,4,4,4,4,4,4,3.9,3.9,3.9,3.8,3.8,3.7,3.7,3.7,3.7,3.7,3.7,3.7,3.8,3.8,3.8,3.8,3.8,3.8,3.7,3.7,3.6,3.6,3.6,3.6,3.6,3.6,3.7,3.7,3.6,3.6,3.5,3.4,3.4,3.5,3.5,3.5,3.5,3.5,3.5,3.6,3.7,3.8,3.9,10,8.5,7.8,7.1,6.5,5.9,5.6,5.3,4.9,4.6,4.5,4.4,4.4,4.4,4.4,4.3,4.2
California,11.9,11.8,11.6,11.5,11.3,11.2,11,11,10.9,10.8,10.7,10.5,10.3,10.2,10,9.9,9.8,9.7,9.5,9.4,9.3,9.2,9.1,9,8.9,8.8,8.6,8.5,8.4,8.2,8.1,8,7.8,7.7,7.6,7.5,7.4,7.3,7.2,7.1,6.9,6.8,6.7,6.6,6.5,6.4,6.3,6.2,6,5.9,5.8,5.8,5.7,5.7,5.6,5.6,5.5,5.5,5.5,5.5,5.5,5.5,5.5,5.4,5.4,5.3,5.2,5.1,5,4.9,4.8,4.8,4.7,4.7,4.6,4.5,4.5,4.4,4.4,4.3,4.3,4.2,4.2,4.2,4.2,4.2,4.3,4.3,4.3,4.3,4.3,4.2,4.1,4.1,4.1,4.1,4.1,4.1,4.1,4.1,4.2,4.2,4.3,4.5,16,15.6,14.1,13.2,12.3,10.6,9.8,8.7,9.3,9,8.5,8.3,8,7.7,7.6,7.6,7.5
Colorado,8.6,8.6,8.6,8.5,8.4,8.4,8.3,8.3,8.3,8.2,8.2,8.1,7.9,7.8,7.6,7.5,7.4,7.3,7.2,7.1,7,6.9,6.8,6.8,6.7,6.5,6.4,6.2,6.1,6,5.8,5.6,5.4,5.2,5,4.8,4.6,4.5,4.4,4.3,4.2,4.1,4.1,4.1,4,3.9,3.8,3.7,3.6,3.5,3.4,3.4,3.3,3.3,3.3,3.3,3.3,3.3,3.2,3.2,3.1,3,3,2.9,2.7,2.6,2.5,2.4,2.4,2.4,2.5,2.6,2.7,2.8,2.8,2.8,2.9,2.9,2.9,2.9,3,3,3.1,3.1,3.1,3.1,3.1,3.1,3.1,3,2.9,2.8,2.7,2.6,2.6,2.6,2.6,2.5,2.5,2.5,2.6,2.7,2.8,4.7,12.1,11.6,11.3,7.4,7.1,7,6.9,6.9,6.9,6.6,6.4,6.4,6.4,6.2,6.2,6.1,5.9
Connecticut,9,8.8,8.7,8.6,8.5,8.4,8.3,8.3,8.4,8.4,8.4,8.4,8.4,8.4,8.3,8.3,8.3,8.3,8.3,8.2,8.2,8.1,8.1,8,7.9,7.8,7.6,7.5,7.4,7.2,7.1,6.9,6.8,6.7,6.6,6.6,6.5,6.4,6.3,6.2,6.1,6,5.9,5.8,5.8,5.7,5.6,5.6,5.5,5.4,5.4,5.4,5.3,5.2,5.2,5.1,5,4.9,4.9,4.8,4.7,4.7,4.7,4.6,4.6,4.6,4.5,4.5,4.5,4.4,4.4,4.4,4.4,4.3,4.3,4.3,4.3,4.2,4.2,4.1,4,4,3.9,3.8,3.8,3.8,3.8,3.7,3.7,3.7,3.7,3.6,3.6,3.5,3.5,3.5,3.6,3.6,3.6,3.6,3.6,3.7,3.7,3.8,8.6,11.4,11.4,11.3,8.4,8.3,8.2,8.2,8.2,8.1,8.5,8.3,8.1,8.1,7.7,7.3,7.2
Delaware,7.6,7.5,7.4,7.2,7.1,7,7,7,7,7.1,7.1,7.1,7.1,7.1,7.1,7.1,7.1,7.1,7,7,6.9,6.8,6.7,6.6,6.5,6.3,6.2,6.1,6.1,6,6,5.9,5.8,5.8,5.7,5.6,5.5,5.4,5.3,5.2,5.1,5,4.9,4.9,4.9,4.9,4.8,4.8,4.7,4.7,4.7,4.6,4.6,4.5,4.5,4.4,4.4,4.4,4.5,4.5,4.5,4.6,4.6,4.7,4.7,4.7,4.6,4.6,4.5,4.5,4.4,4.4,4.4,4.4,4.4,4.3,4.2,4.1,4,3.9,3.8,3.7,3.6,3.6,3.6,3.6,3.5,3.5,3.5,3.5,3.5,3.4,3.4,3.4,3.5,3.6,3.7,3.8,3.9,4,4.1,4.3,4.5,4.8,13.4,13.3,12.9,8.3,7.9,7.6,5.7,5.8,5.9,6.1,6.3,6.5,6.4,5.9,5.8,5.6,5.4
District of Columbia,10.4,10.3,10.1,9.9,9.8,9.6,9.5,9.3,9.2,9.1,9,8.8,8.7,8.6,8.6,8.6,8.7,8.7,8.7,8.7,8.6,8.5,8.5,8.5,8.4,8.3,8.2,8.1,8,7.9,7.9,7.8,7.8,7.8,7.8,7.7,7.7,7.6,7.6,7.5,7.4,7.4,7.3,7.2,7.2,7,6.9,6.8,6.8,6.7,6.6,6.6,6.5,6.4,6.3,6.2,6.1,6.1,6.1,6.2,6.2,6.3,6.3,6.3,6.3,6.3,6.2,6.2,6.2,6.2,6.2,6.2,6.1,6.1,6,6,5.9,5.9,5.8,5.8,5.8,5.7,5.6,5.6,5.5,5.6,5.6,5.7,5.8,5.8,5.8,5.7,5.6,5.4,5.3,5.2,5.2,5.1,5,4.9,4.9,4.9,5,5.2,11.1,8.9,8.9,8.9,8.8,8.7,8.8,8.8,8.8,8.4,8.1,7.7,7.5,7.2,7,6.7,6.5
Florida,9.9,9.7,9.6,9.4,9.3,9.2,9.1,9,8.9,8.9,8.8,8.6,8.5,8.4,8.3,8.2,8.1,8,8,7.9,7.8,7.6,7.6,7.5,7.4,7.3,7.2,7.1,7,6.9,6.8,6.7,6.7,6.6,6.5,6.4,6.3,6.2,6.1,6,6,5.9,5.8,5.8,5.7,5.7,5.6,5.5,5.4,5.3,5.3,5.2,5.1,5.1,5,5,4.9,4.9,4.9,4.9,4.9,4.9,4.9,4.8,4.8,4.7,4.5,4.4,4.3,4.3,4.2,4.2,4.2,4.1,4.1,4,4,3.9,3.9,3.8,3.7,3.6,3.6,3.5,3.5,3.5,3.5,3.5,3.5,3.5,3.4,3.4,3.3,3.3,3.2,3.3,3.3,3.2,3.2,3.2,3.2,3.3,3.3,4.9,14,14.2,11.6,11.5,7.9,7.2,5.8,5.4,5.1,4.8,4.7,4.7,4.8,4.9,5,5.1,5
Georgia,10.2,10.1,9.9,9.8,9.6,9.5,9.4,9.3,9.3,9.2,9.1,9,8.9,8.8,8.7,8.7,8.6,8.6,8.6,8.5,8.4,8.3,8.2,8.1,8,7.9,7.8,7.7,7.6,7.5,7.4,7.4,7.4,7.3,7.3,7.2,7.1,7,6.8,6.7,6.6,6.5,6.4,6.3,6.3,6.2,6.1,6,5.9,5.9,5.8,5.8,5.7,5.7,5.7,5.6,5.5,5.4,5.4,5.4,5.4,5.4,5.4,5.4,5.3,5.2,5.1,5,4.9,4.9,4.8,4.7,4.6,4.6,4.5,4.5,4.4,4.3,4.3,4.2,4.1,4,4,3.9,3.9,3.9,3.9,3.9,3.9,3.9,3.8,3.7,3.6,3.6,3.5,3.5,3.5,3.4,3.3,3.3,3.3,3.3,3.5,3.6,12.5,9.4,8.4,7.6,7,6.5,5.9,5.6,5.3,5.1,4.8,4.5,4.3,4.1,4,3.7,3.5
Hawaii,7,7,6.9,6.8,6.7,6.6,6.5,6.4,6.3,6.2,6.1,5.9,5.7,5.5,5.3,5.2,5.1,5,4.9,4.9,4.8,4.7,4.7,4.7,4.7,4.7,4.7,4.7,4.6,4.6,4.5,4.4,4.4,4.4,4.3,4.2,4.1,4.1,4,3.9,3.9,3.8,3.8,3.7,3.6,3.5,3.4,3.3,3.3,3.2,3.2,3.1,3.1,3,3,3,3,3,2.9,2.9,2.9,2.8,2.8,2.7,2.7,2.6,2.5,2.5,2.4,2.3,2.2,2.1,2,2,2,2,2,2.1,2.1,2.1,2.2,2.2,2.3,2.4,2.4,2.5,2.6,2.7,2.7,2.7,2.7,2.6,2.6,2.5,2.5,2.5,2.4,2.3,2.2,2.1,2.1,2,2.1,2.1,21.9,21.9,14.1,14.1,14.1,14.8,14,10.3,10.3,10.3,9.2,9.1,8.5,8,7.7,7.3,7
Idaho,8.1,8,7.9,7.8,7.7,7.7,7.6,7.6,7.6,7.5,7.5,7.4,7.3,7.2,7.2,7.1,7.1,7,7,7,7,7,6.9,6.9,6.9,6.9,6.8,6.4,6,5.6,5.2,4.9,4.6,4.5,4,4,4,4,4,3.9,3.9,3.8,3.9,3.9,3.9,3.9,3.9,3.9,3.9,3.9,3.8,3.8,3.8,3.8,3.8,3.7,3.7,3.7,3.7,3.7,3.7,3.6,3.6,3.6,3.5,3.4,3.4,3.3,3.2,3.1,3.1,3.1,3.1,3.1,3.1,3,3,3,2.9,2.8,2.8,2.8,2.7,2.7,2.7,2.8,2.8,2.9,2.9,2.9,2.9,2.8,2.8,2.8,2.8,2.8,2.8,2.7,2.7,2.6,2.5,2.6,2.6,2.7,11.6,8.3,7,5.9,4.9,6,4.8,4.3,3.8,3.5,3.3,3.2,3.1,3,3,3,2.9
Illinois,10.1,10,9.9,9.7,9.5,9.3,9.1,9,9,9,9.1,9,9,9,9,9,9.1,9.2,9.3,9.3,9.3,9.2,9.2,9.2,9.1,9,8.8,8.7,8.6,8.4,8.1,7.9,7.6,7.4,7.2,7,6.8,6.6,6.5,6.3,6.2,6.1,6.1,6,6,6,6,5.9,5.9,5.9,5.9,6,6.1,6.2,6.2,6.2,6.1,6,5.9,5.8,5.8,5.7,5.7,5.6,5.4,5.3,5.1,5,5,4.9,4.9,5,5,4.9,4.8,4.8,4.7,4.5,4.5,4.4,4.3,4.3,4.3,4.3,4.3,4.3,4.4,4.4,4.5,4.5,4.5,4.4,4.2,4.1,4,3.9,3.8,3.7,3.6,3.5,3.5,3.5,3.6,3.7,16.5,15.4,14.2,12,11.1,10.4,8.1,8.1,8,7.7,7.4,7.1,7.1,7.1,7.2,7.1,7
Indiana,9.1,9.1,9,8.8,8.6,8.4,8.3,8.2,8.2,8.2,8.2,8.2,8.2,8.2,8.2,8.2,8.2,8.2,8.2,8.1,8,7.8,7.7,7.5,7.3,7.1,6.9,6.7,6.5,6.4,6.3,6.2,6.1,6.1,6,5.9,5.8,5.8,5.7,5.6,5.5,5.4,5.2,5.1,4.9,4.8,4.7,4.6,4.6,4.5,4.5,4.5,4.6,4.6,4.6,4.6,4.6,4.5,4.4,4.4,4.3,4.2,4.1,4.1,4,3.8,3.7,3.6,3.5,3.4,3.4,3.5,3.5,3.5,3.4,3.3,3.3,3.3,3.3,3.3,3.4,3.4,3.4,3.4,3.4,3.4,3.4,3.4,3.5,3.5,3.4,3.3,3.3,3.2,3.2,3.2,3.2,3.2,3.1,3.1,3.1,3.2,3.2,3.3,16.9,12,10.1,8.6,7.3,6.3,5.6,5,4.6,4.2,4,3.9,3.9,4,4.1,4.1,4.1
Iowa,5.7,5.6,5.5,5.5,5.3,5.2,5.2,5.1,5.1,5.1,5.1,5.1,5,5,5,4.9,4.9,4.9,4.9,4.9,4.9,4.8,4.8,4.7,4.7,4.6,4.5,4.5,4.5,4.4,4.4,4.4,4.3,4.3,4.3,4.2,4.2,4.2,4.1,4,3.9,3.9,3.8,3.8,3.8,3.7,3.7,3.6,3.6,3.6,3.6,3.6,3.6,3.6,3.6,3.6,3.6,3.6,3.7,3.6,3.6,3.6,3.5,3.5,3.4,3.4,3.3,3.2,3.2,3.1,3.1,3.1,3,3,2.9,2.9,2.8,2.8,2.7,2.7,2.6,2.6,2.5,2.5,2.5,2.5,2.6,2.6,2.6,2.7,2.7,2.7,2.7,2.7,2.7,2.8,2.8,2.8,2.8,2.8,2.8,2.8,2.9,2.9,11.1,8.3,7.1,6.1,5.3,4.7,4.2,3.9,3.7,3.6,3.7,3.7,3.8,3.9,4,4.1,4.1
Kansas,6.3,6.3,6.2,6.1,6,5.9,5.9,5.8,5.8,5.8,5.7,5.7,5.6,5.6,5.6,5.6,5.6,5.6,5.5,5.5,5.4,5.4,5.4,5.3,5.3,5.2,5.1,5,4.9,4.8,4.7,4.7,4.6,4.6,4.5,4.5,4.4,4.4,4.3,4.3,4.3,4.3,4.4,4.4,4.4,4.3,4.2,4.1,4,4,3.9,3.9,3.9,3.9,3.9,3.9,4,4,4,4.1,4.1,4.1,4.1,4.1,4,3.9,3.8,3.7,3.7,3.6,3.6,3.6,3.6,3.6,3.5,3.5,3.5,3.4,3.4,3.3,3.3,3.2,3.2,3.2,3.2,3.3,3.3,3.3,3.3,3.3,3.3,3.2,3.1,3.1,3.1,3.1,3.1,3.1,3.1,3.1,3.1,3.1,3.2,3.2,12.6,9,7,6.6,6.2,6.1,4.7,4.7,4.7,3.4,3.8,3.7,3.5,3.5,3.7,3.8,3.8
Kentucky,9.4,9.3,9.2,9,8.7,8.5,8.4,8.2,8.2,8.2,8.2,8.2,8.2,8.1,8.1,8.1,8,8,8,8,8,8,8,8,8,7.9,7.8,7.7,7.6,7.5,7.3,7.2,7,6.7,6.5,6.3,6,5.9,5.7,5.5,5.4,5.3,5.3,5.3,5.3,5.2,5.2,5.2,5.2,5.2,5.2,5.2,5.2,5.2,5.1,5.1,5,4.9,4.9,4.9,5,5,5.1,5.1,5.1,5.1,5,5,5,4.9,4.9,4.8,4.7,4.6,4.5,4.4,4.3,4.2,4.2,4.2,4.2,4.2,4.2,4.2,4.2,4.2,4.2,4.2,4.2,4.2,4.2,4.1,4.1,4.1,4.1,4.1,4.1,4.1,4.1,4.1,4.1,4.1,4.2,4.2,16.9,10.9,5.7,5.6,5.5,5.5,5.5,5.6,5.6,5.3,5.2,5,4.7,4.5,4.4,4.4,4.3
Louisiana,7.3,7.3,7.3,7.3,7.2,7.1,7.1,7,7,6.9,6.8,6.7,6.6,6.5,6.4,6.5,6.6,6.7,6.8,6.8,6.7,6.7,6.6,6.5,6.4,6.2,6,5.9,5.7,5.6,5.6,5.7,5.8,6,6.2,6.4,6.6,6.7,6.8,6.8,6.8,6.8,6.7,6.6,6.5,6.4,6.3,6.1,6.1,6,6,6,6,6,6.1,6.1,6.1,6.1,6.1,6.1,6.1,6.1,6.1,6,5.9,5.8,5.7,5.5,5.4,5.2,5.1,5,4.9,4.8,4.7,4.7,4.7,4.7,4.7,4.8,4.9,4.9,4.9,4.9,4.9,4.8,4.8,4.8,4.8,4.7,4.6,4.4,4.4,4.3,4.4,4.5,4.7,4.8,4.9,4.9,5,5.1,5.2,5.3,13.1,13.1,9.4,9.1,8.2,8,7.9,7.9,7.9,7.6,7.6,7.4,7.2,7.1,6.9,6.6,6.2
Maine,7.7,7.6,7.5,7.4,7.3,7.2,7.2,7.2,7.2,7.3,7.3,7.2,7.2,7.2,7.1,7.1,7.1,7.1,7,7,6.9,6.8,6.7,6.7,6.6,6.5,6.4,6.3,6.2,6.1,6,5.9,5.8,5.7,5.6,5.5,5.4,5.3,5.2,5.2,5,4.9,4.8,4.7,4.6,4.5,4.4,4.3,4.2,4.1,4.1,4,4,4,3.9,3.9,3.9,3.8,3.8,3.8,3.7,3.7,3.7,3.6,3.5,3.5,3.4,3.4,3.4,3.4,3.4,3.4,3.4,3.4,3.3,3.2,3.1,3,2.9,2.9,3,3.1,3.2,3.2,3.3,3.3,3.2,3.2,3.1,3,2.8,2.7,2.6,2.6,2.6,2.7,2.7,2.7,2.7,2.7,2.8,3,3.1,3.1,9.1,8.3,5.3,8.8,5.2,4.9,4.8,4.9,5,5.2,4.8,4.8,4.8,4.8,4.8,4.9,4.9
Maryland,7.4,7.3,7.2,7.1,7,6.9,6.9,6.9,6.9,6.9,6.9,6.9,6.9,6.8,6.8,6.8,6.8,6.8,6.8,6.7,6.7,6.6,6.6,6.5,6.5,6.4,6.3,6.2,6.1,6.1,6,5.9,5.9,5.8,5.8,5.7,5.6,5.6,5.5,5.5,5.4,5.4,5.3,5.3,5.2,5.1,5,4.9,4.9,4.8,4.7,4.7,4.6,4.5,4.4,4.3,4.3,4.3,4.3,4.2,4.2,4.3,4.3,4.2,4.2,4.2,4.1,4.1,4.1,4,4,4,4.1,4.1,4.1,4.1,4.1,4.1,4,4,3.9,3.9,3.8,3.8,3.7,3.7,3.7,3.7,3.7,3.7,3.6,3.6,3.5,3.5,3.5,3.5,3.5,3.4,3.4,3.3,3.3,3.4,3.5,3.5,9,9,8.6,8.7,8.6,7,6.8,6.8,6.8,6.4,6.2,6.2,6.2,6.1,6.2,6,5.9
Massachusetts,7.2,7.1,7,6.9,6.8,6.7,6.7,6.7,6.7,6.7,6.7,6.7,6.7,6.7,6.7,6.7,6.7,6.7,6.8,6.8,6.8,6.7,6.7,6.7,6.7,6.6,6.5,6.4,6.3,6.2,6.1,6,5.9,5.9,5.8,5.7,5.6,5.6,5.5,5.4,5.2,5.2,5.1,5,5,4.9,4.8,4.7,4.7,4.6,4.6,4.5,4.4,4.4,4.3,4.2,4.1,4.1,4,3.9,3.9,3.9,3.9,3.9,3.9,3.9,3.8,3.8,3.8,3.8,3.8,3.8,3.8,3.8,3.8,3.8,3.7,3.7,3.6,3.6,3.5,3.5,3.5,3.4,3.4,3.3,3.3,3.3,3.3,3.2,3.2,3.1,3.1,3,3,3,3,3,2.9,2.9,2.9,2.8,2.8,2.7,16.4,15.3,14.8,9.8,9.3,8.9,8.5,8.4,8.4,7.8,7,6.7,6.4,5,4.9,4.9,5
Michigan,10.1,9.9,9.8,9.6,9.4,9.2,9.1,9.1,9.1,9.1,9.1,9,9,9,9,9,9,9,9,8.9,8.9,8.8,8.8,8.8,8.8,8.6,8.5,8.4,8.2,8.1,8,7.9,7.7,7.5,7.4,7.2,7,6.8,6.6,6.4,6.2,6,5.9,5.8,5.7,5.6,5.5,5.4,5.2,5.1,5,5,4.9,4.9,4.9,5,5,5,5,5,5,5.1,5.1,5.1,5,4.9,4.7,4.5,4.4,4.3,4.4,4.5,4.6,4.7,4.7,4.7,4.6,4.5,4.4,4.3,4.2,4.1,4,4,4,4,4.1,4.1,4.2,4.2,4.2,4.2,4.2,4.2,4.2,4.1,4.1,4,3.9,3.8,3.7,3.7,3.7,3.7,23.6,20.8,14.1,9,8.5,8.2,8.1,8.2,8.2,5.7,5.2,5.1,4.9,5,5,4.8,4.7
Minnesota,6.6,6.4,6.2,6,5.9,5.8,5.7,5.7,5.7,5.7,5.7,5.7,5.7,5.6,5.6,5.5,5.4,5.4,5.3,5.2,5.2,5.1,5.1,5,5,4.9,4.8,4.8,4.7,4.7,4.6,4.6,4.5,4.4,4.3,4.2,4.1,4,4,3.9,3.9,3.8,3.8,3.8,3.8,3.8,3.8,3.8,3.8,3.8,3.7,3.8,3.8,3.8,3.8,3.8,3.8,3.8,3.8,3.9,3.9,4,4,4,3.9,3.8,3.7,3.6,3.5,3.5,3.4,3.4,3.4,3.3,3.3,3.2,3.2,3.1,3.1,3.1,3,3,2.9,2.9,2.9,3,3,3.1,3.2,3.2,3.2,3.2,3.2,3.1,3.1,3.1,3.1,3.1,3.1,3.1,3.1,3.2,3.3,3.5,9,11.3,8.9,7.6,6.6,5.8,5.3,5,4.7,4.5,4.4,4.2,4.1,4,4,3.9,3.8
Mississippi,9.9,9.8,9.7,9.5,9.3,9.1,9,8.9,8.9,8.9,8.9,8.8,8.8,8.7,8.7,8.6,8.6,8.7,8.7,8.7,8.7,8.6,8.5,8.5,8.5,8.4,8.3,8.2,8.1,8.1,8,7.9,7.9,7.8,7.7,7.6,7.5,7.4,7.2,7.1,6.9,6.8,6.7,6.7,6.6,6.5,6.4,6.3,6.3,6.3,6.4,6.4,6.4,6.3,6.2,6.1,6,6,5.9,5.9,5.9,5.9,5.9,5.8,5.7,5.6,5.5,5.4,5.4,5.3,5.3,5.2,5.1,5,5,4.9,4.9,4.9,4.9,4.9,4.9,4.9,4.8,4.8,4.8,4.9,5,5.2,5.3,5.4,5.4,5.4,5.4,5.4,5.5,5.6,5.7,5.7,5.6,5.6,5.5,5.6,5.8,6,15.7,11,9.6,8.5,7.8,7.2,6.9,6.7,6.6,6.4,6.3,6.2,6.2,6.1,6.2,6.1,6
Missouri,8.6,8.4,8.2,8,7.8,7.6,7.5,7.4,7.3,7.2,7.2,7.1,7,7,7,7,7,6.9,6.9,6.9,6.9,6.8,6.8,6.8,6.8,6.7,6.6,6.6,6.6,6.6,6.6,6.5,6.4,6.3,6.2,6.1,6,5.9,5.8,5.7,5.7,5.6,5.6,5.6,5.5,5.3,5.2,5,4.9,4.8,4.7,4.6,4.5,4.5,4.4,4.4,4.5,4.6,4.7,4.7,4.7,4.7,4.6,4.5,4.3,4.2,4,3.9,3.9,3.8,3.7,3.7,3.7,3.6,3.6,3.6,3.5,3.5,3.4,3.3,3.3,3.2,3.2,3.1,3.1,3.1,3.1,3.1,3.2,3.2,3.2,3.2,3.1,3.1,3.2,3.2,3.3,3.4,3.4,3.5,3.5,3.6,3.6,3.7,12.5,9.6,8.1,6.8,6,5.4,5,4.7,4.4,4.3,4.3,4.2,4.1,4.2,4.3,4.2,4
Montana,6.6,6.5,6.4,6.3,6.1,6,5.9,5.9,5.9,5.9,5.9,5.9,5.8,5.7,5.6,5.6,5.5,5.5,5.5,5.5,5.5,5.4,5.4,5.4,5.3,5.3,5.2,5.1,5,5,4.9,4.8,4.7,4.7,4.7,4.6,4.6,4.6,4.5,4.5,4.4,4.3,4.3,4.3,4.2,4.3,4.3,4.3,4.3,4.3,4.3,4.3,4.3,4.4,4.4,4.4,4.4,4.4,4.3,4.3,4.3,4.3,4.3,4.2,4.2,4.2,4.2,4.1,4.1,4.1,4.1,4.1,4.1,4.1,4.1,4.1,4,4,3.9,3.9,3.8,3.8,3.7,3.7,3.7,3.7,3.7,3.7,3.7,3.7,3.6,3.6,3.6,3.6,3.6,3.6,3.6,3.6,3.6,3.6,3.6,3.7,3.7,3.8,11.9,9.1,7.6,6.6,5.8,5.2,4.7,4.5,4.2,4,3.9,3.8,3.7,3.6,3.7,3.6,3.5
Nebraska,4.4,4.3,4.3,4.2,4.1,4.1,4,3.9,3.9,3.9,3.9,3.9,3.8,3.8,3.8,3.8,3.8,3.8,3.8,3.8,3.8,3.7,3.7,3.7,3.7,3.6,3.5,3.5,3.5,3.5,3.5,3.4,3.4,3.3,3.3,3.2,3.2,3.1,3.1,3,3,2.9,2.9,3,3,3,3,3,3,3,3,3,3,3,3,3,3,3,3.1,3.1,3.1,3.1,3.2,3.1,3.1,3.1,3,3,2.9,2.9,2.9,2.9,2.9,2.9,2.9,2.9,2.9,2.9,2.9,2.9,2.8,2.8,2.8,2.8,2.8,2.8,2.9,2.9,3,3,3,3,3,3,3,3,3,3,2.9,2.9,2.9,2.9,3,3.1,7.4,5.4,6.6,4.4,4,3.8,3.6,3.4,3.4,3.2,3.1,2.9,2.8,2.6,2.5,2.3,2.2
Nevada,13.4,13.3,13.1,12.8,12.6,12.3,12.2,12.1,12,11.9,11.8,11.6,11.4,11.2,11.1,10.9,10.8,10.7,10.6,10.5,10.4,10.2,10.1,9.9,9.8,9.6,9.4,9.3,9.1,8.9,8.8,8.6,8.5,8.3,8.2,8.1,7.9,7.8,7.7,7.6,7.5,7.4,7.3,7.2,7.1,7,6.9,6.8,6.7,6.6,6.5,6.4,6.3,6.2,6.2,6.1,6,5.9,5.8,5.7,5.7,5.6,5.6,5.5,5.4,5.3,5.2,5.2,5.1,5.1,5,5,4.9,4.9,4.9,4.8,4.8,4.7,4.6,4.6,4.5,4.4,4.3,4.3,4.3,4.3,4.3,4.3,4.3,4.2,4.1,4.1,4,3.9,3.9,3.9,3.9,3.8,3.7,3.7,3.6,3.7,3.7,6.4,29.5,24.5,15.4,16.6,14.5,13,12,8.7,8.2,8.5,8.4,8.1,8,7.8,7.8,7.7,7.7
New Hampshire,5.5,5.5,5.4,5.3,5.3,5.2,5.2,5.3,5.4,5.4,5.5,5.6,5.6,5.6,5.6,5.6,5.6,5.6,5.5,5.5,5.4,5.3,5.2,5.2,5.2,5.1,5.1,5,4.9,4.8,4.7,4.6,4.5,4.4,4.3,4.3,4.2,4.1,4.1,4,3.9,3.8,3.8,3.7,3.6,3.5,3.4,3.3,3.3,3.2,3.1,3,3,2.9,2.9,2.8,2.8,2.9,2.9,2.9,2.9,2.9,2.9,2.9,2.9,2.9,2.9,2.9,2.8,2.8,2.8,2.8,2.8,2.8,2.8,2.8,2.8,2.8,2.8,2.7,2.7,2.7,2.6,2.6,2.6,2.5,2.6,2.6,2.6,2.6,2.6,2.6,2.6,2.6,2.6,2.6,2.6,2.6,2.6,2.6,2.6,2.6,2.6,2.7,16,13.4,10.3,8.1,6.6,5.5,4.7,4.2,3.8,3.6,3.3,3,2.8,2.9,2.9,2.9,3
New Jersey,9.4,9.3,9.3,9.3,9.3,9.3,9.3,9.4,9.5,9.5,9.5,9.5,9.4,9.4,9.3,9.3,9.2,9.1,9,8.9,8.8,8.7,8.5,8.4,8.2,8,7.8,7.6,7.5,7.3,7.1,7,6.8,6.7,6.7,6.6,6.6,6.6,6.5,6.5,6.4,6.3,6.3,6.2,6.1,6,5.8,5.6,5.5,5.3,5.2,5.1,5,5,5,5,5,5,5,5,5,4.9,4.9,4.8,4.7,4.6,4.5,4.5,4.4,4.4,4.5,4.5,4.5,4.6,4.6,4.5,4.5,4.4,4.4,4.3,4.2,4.1,4,3.9,3.8,3.8,3.7,3.7,3.6,3.6,3.5,3.4,3.3,3.2,3.2,3.3,3.4,3.5,3.5,3.6,3.6,3.7,3.7,3.8,16.6,16.5,16.3,13.1,11,7.8,7.7,10.2,7.7,7.8,7.8,7.6,7.5,7.2,7.2,7.3,7.2
New Mexico,7.3,7.3,7.3,7.3,7.2,7.1,7,7,7,7,6.9,6.9,6.9,6.9,6.9,7,7,7,7,6.9,6.9,6.9,6.9,6.9,6.9,6.9,6.9,6.9,6.8,6.8,6.7,6.7,6.7,6.7,6.6,6.6,6.6,6.5,6.4,6.4,6.4,6.5,6.6,6.7,6.7,6.7,6.7,6.6,6.6,6.6,6.5,6.5,6.5,6.5,6.5,6.6,6.6,6.7,6.8,6.9,6.9,6.9,6.9,6.9,6.8,6.7,6.6,6.5,6.4,6.2,6.1,6,5.9,5.8,5.7,5.6,5.4,5.2,5.1,4.9,4.8,4.8,4.7,4.8,4.8,4.9,5,5.1,5.2,5.2,5.1,5.1,5.1,5,5,5,5,5,4.9,4.9,5,5.1,5.3,5.4,10,10,9.8,12.5,9.3,8.6,8.5,8.5,8.6,8.7,8.3,8.3,8.1,7.9,7.9,7.6,7.2
New York,8.4,8.4,8.5,8.5,8.6,8.6,8.6,8.7,8.8,8.8,8.8,8.7,8.6,8.6,8.5,8.4,8.4,8.3,8.2,8.1,8,7.9,7.9,7.8,7.8,7.6,7.5,7.3,7.1,7,6.8,6.7,6.5,6.4,6.3,6.2,6.1,6,5.9,5.8,5.8,5.7,5.6,5.6,5.5,5.4,5.3,5.2,5,4.9,4.9,4.9,4.8,4.8,4.8,4.8,4.8,4.8,4.9,4.9,5,5,5,4.9,4.8,4.7,4.7,4.6,4.6,4.6,4.7,4.7,4.7,4.7,4.6,4.6,4.6,4.5,4.4,4.3,4.2,4.1,4,3.9,3.9,3.9,3.9,4,4,4,3.9,3.9,3.8,3.8,3.8,3.8,3.8,3.8,3.8,3.7,3.7,3.8,3.9,3.9,16.2,15.7,15,14.7,11.7,10,8.7,8.7,8.7,8.8,8.9,8.4,8.2,7.8,7.7,7.6,7.4
North Carolina,10.4,10.3,10.2,10.1,9.9,9.7,9.6,9.5,9.5,9.5,9.5,9.5,9.5,9.5,9.5,9.5,9.4,9.4,9.1,8.8,8.5,8.2,7.8,7.5,7.3,6.7,6.6,6.5,6.4,6.4,6.3,6.3,6.3,6.2,6.2,6.1,6.1,6,5.9,5.8,5.7,5.7,5.7,5.8,5.8,5.8,5.8,5.7,5.7,5.6,5.5,5.4,5.4,5.3,5.2,5.2,5.1,5.1,5,5,5.1,5.1,5.1,5,5,4.9,4.8,4.7,4.6,4.5,4.5,4.5,4.4,4.4,4.4,4.4,4.3,4.3,4.2,4.1,4.1,4,4,3.9,3.9,3.9,3.9,4,4,4,4,4,3.9,3.9,3.8,3.8,3.7,3.7,3.6,3.5,3.5,3.5,3.6,3.9,13.5,13.5,8.8,8.8,6.8,7.3,6.8,6.4,6.1,5.9,5.7,5.2,5,4.8,4.6,4.4,4.3
North Dakota,3.4,3.4,3.3,3.2,3.1,3,2.9,2.9,2.9,2.9,2.9,2.9,2.9,2.9,3,3,3,3,3,3,2.9,2.9,2.9,2.9,2.9,2.8,2.8,2.8,2.8,2.7,2.7,2.6,2.6,2.6,2.6,2.6,2.6,2.6,2.6,2.6,2.6,2.6,2.6,2.7,2.8,2.8,2.8,2.8,2.8,2.8,2.8,2.9,3,3.1,3.2,3.2,3.2,3.2,3.2,3.1,3.1,3,3,3,2.9,2.9,2.8,2.7,2.6,2.6,2.6,2.6,2.6,2.6,2.7,2.7,2.7,2.6,2.6,2.6,2.5,2.5,2.5,2.4,2.4,2.4,2.4,2.4,2.4,2.3,2.3,2.3,2.3,2.3,2.3,2.4,2.4,2.3,2.3,2.3,2.2,2.2,2.3,2.3,8.7,8.7,6.2,6.2,6.1,4.7,4.7,4.7,4.7,4.5,4.8,4.4,4.2,4,4,3.9,3.6
Ohio,8.9,8.7,8.5,8.3,8,7.8,7.7,7.6,7.5,7.4,7.3,7.3,7.2,7.2,7.2,7.3,7.4,7.5,7.6,7.6,7.6,7.6,7.6,7.6,7.6,7.5,7.3,7.1,6.9,6.6,6.4,6.2,6,5.9,5.8,5.7,5.6,5.5,5.4,5.3,5.2,5.2,5.2,5.2,5.1,5,4.9,4.8,4.8,4.7,4.8,4.8,4.9,5,5,5,5,5,5,5,5,5.1,5.2,5.3,5.3,5.2,5.2,5.1,5.1,5,5,5,5,4.9,4.8,4.7,4.6,4.5,4.5,4.5,4.5,4.6,4.5,4.5,4.5,4.5,4.5,4.5,4.4,4.3,4.2,4.1,4,4,4.1,4.2,4.2,4.2,4.2,4.2,4.3,4.5,4.7,4.9,16.4,14.9,10.3,9.3,9,7.4,5.6,5.6,5.6,5.3,5,4.7,4.7,5,5.2,5.4,5.4
Oklahoma,5.6,5.6,5.5,5.5,5.4,5.3,5.1,5.1,5.1,5.1,5.1,5.1,5.1,5.1,5.1,5.1,5.1,5.2,5.2,5.2,5.2,5.1,5.1,5.1,5.1,5.1,5.1,5,5,4.9,4.7,4.6,4.5,4.4,4.3,4.2,4.2,4.1,4.1,4,4,4,4.1,4.2,4.3,4.4,4.4,4.4,4.3,4.3,4.3,4.4,4.4,4.5,4.5,4.6,4.7,4.7,4.8,4.8,4.8,4.7,4.7,4.6,4.5,4.4,4.3,4.2,4.1,4,4,4,4,3.9,3.9,3.8,3.8,3.7,3.6,3.5,3.4,3.3,3.2,3.1,3,3,3.1,3.1,3.2,3.2,3.2,3.1,3.1,3,3,3.1,3.1,3.1,3.1,3.1,3,3.1,3.1,3.2,13,9.5,8.2,7.2,6.3,5.7,5.2,4.8,4.5,4.4,4.4,4.3,4.1,3.9,3.7,3.5,3.2
Oregon,9.6,9.6,9.4,9.3,9.2,9.1,9,9,8.9,8.9,8.9,8.8,8.7,8.7,8.6,8.6,8.5,8.4,8.3,8.2,8,7.9,7.8,7.7,7.6,7.4,7.3,7.2,7.2,7.2,7.1,7,6.9,6.8,6.7,6.6,6.5,6.4,6.3,6.2,6,5.8,5.8,5.7,5.7,5.6,5.5,5.5,5.4,5.3,5.2,5.1,5,4.9,4.9,4.9,4.9,4.9,4.9,4.9,4.8,4.7,4.5,4.4,4.3,4.1,4,4,3.9,4,4,4.1,4.1,4.1,4.1,4.1,4.1,4.1,4,4,3.9,3.9,3.9,3.9,3.9,4,4.1,4.2,4.2,4.2,4.1,4,3.9,3.8,3.7,3.7,3.6,3.5,3.4,3.3,3.3,3.4,3.5,3.6,13.2,11.7,10.3,9.6,8.4,7.5,7,6.6,6.3,6.2,6.1,6,5.9,5.8,5.6,5.2,4.9
Pennsylvania,7.9,7.9,7.8,7.7,7.6,7.5,7.5,7.5,7.6,7.7,7.7,7.8,7.8,7.7,7.7,7.7,7.7,7.6,7.5,7.4,7.3,7.2,7.1,7.1,7,6.9,6.8,6.7,6.6,6.5,6.4,6.3,6.2,6.1,6,5.8,5.7,5.6,5.6,5.5,5.5,5.5,5.5,5.5,5.5,5.5,5.4,5.4,5.3,5.3,5.3,5.2,5.3,5.3,5.3,5.3,5.4,5.4,5.4,5.4,5.4,5.4,5.3,5.3,5.2,5.2,5.1,5,5,5,4.9,4.9,4.9,4.9,4.9,4.9,4.9,4.8,4.7,4.6,4.5,4.4,4.4,4.4,4.4,4.4,4.4,4.4,4.4,4.3,4.3,4.3,4.3,4.3,4.4,4.4,4.5,4.6,4.6,4.7,4.7,4.8,5,5.1,16.2,13.5,13.3,13,10.2,7.1,7,7.1,7.1,7.3,7.4,7.3,7.1,7,6.9,6.5,6.4
Rhode Island,11,11,11,11,10.9,10.7,10.6,10.5,10.5,10.4,10.4,10.3,10.1,10,9.8,9.7,9.6,9.6,9.5,9.5,9.5,9.5,9.6,9.6,9.6,9.5,9.4,9.3,9.1,8.9,8.7,8.5,8.3,8,7.8,7.6,7.4,7.3,7.1,6.9,6.7,6.6,6.5,6.4,6.3,6.2,6,5.9,5.8,5.7,5.7,5.6,5.6,5.6,5.5,5.4,5.4,5.4,5.3,5.3,5.2,5.1,5,4.9,4.8,4.6,4.6,4.5,4.4,4.4,4.4,4.4,4.5,4.5,4.5,4.6,4.5,4.5,4.4,4.3,4.1,4,4,4,3.9,3.9,3.9,3.9,3.9,3.8,3.7,3.6,3.5,3.5,3.6,3.6,3.6,3.6,3.6,3.6,3.6,3.8,4,4,17.4,12.9,10.9,14,12.6,10.9,7.3,7.9,7.9,7.2,7.3,7,6.3,6,5.9,5.7,5.8
South Carolina,10.5,10.3,10.1,9.9,9.7,9.6,9.5,9.4,9.4,9.3,9.2,9,8.8,8.7,8.6,8.5,8.4,8.4,8.3,8.1,7.9,7.7,7.5,7.4,7.2,7,6.8,6.5,6.3,6.1,6,6,6,6.1,6.2,6.3,6.5,6.5,6.6,6.5,6.5,6.4,6.4,6.3,6.2,6.1,6,5.8,5.7,5.6,5.5,5.4,5.4,5.3,5.3,5.2,5.1,5.1,5,4.9,4.8,4.7,4.6,4.5,4.5,4.4,4.3,4.2,4.2,4.1,4.1,4.2,4.2,4.2,4.2,4.2,4.1,3.9,3.7,3.5,3.3,3.3,3.3,3.3,3.3,3.3,3.3,3.3,3.2,3.2,3.2,3.2,3.1,2.9,2.7,2.6,2.4,2.4,2.4,2.4,2.5,2.6,2.8,3,11.5,11.5,7.7,7.6,5.4,5.4,5.4,5.6,5.6,5.3,5.2,5.1,5,4.6,4.5,4.3,4.2
South Dakota,4.5,4.4,4.4,4.3,4.2,4.2,4.1,4.1,4.1,4.1,4.1,4.1,4.1,4,4,3.9,3.9,3.9,3.8,3.8,3.8,3.8,3.7,3.7,3.7,3.6,3.6,3.5,3.5,3.5,3.4,3.4,3.4,3.4,3.3,3.3,3.3,3.3,3.3,3.2,3.2,3.2,3.2,3.2,3.1,3.1,3.1,3.1,3,3,2.9,2.9,2.8,2.8,2.8,2.8,2.9,2.9,3,3.1,3.1,3.2,3.2,3.2,3.2,3.2,3.1,3.1,3.1,3.1,3.1,3.1,3.1,3.1,3.1,3.1,3.1,3,3,3,2.9,2.9,2.8,2.8,2.8,2.8,2.8,2.9,2.9,3,3,3,3,3,3,3,3,3,3,2.9,2.9,2.9,2.9,2.9,9.2,7,6.1,5.4,4.7,4,3.7,3.6,3.3,3.1,3,2.9,2.8,2.8,2.9,2.9,2.9
Tennessee,9.1,8.9,8.8,8.6,8.4,8.2,8.1,8,8,8,8,8,7.9,7.8,7.8,7.8,7.9,8,8,8,8,7.9,7.9,7.8,7.7,7.6,7.4,7.3,7.1,6.9,6.8,6.8,6.7,6.7,6.7,6.6,6.6,6.5,6.4,6.3,6.2,6.1,6.1,6,5.9,5.8,5.7,5.5,5.4,5.3,5.1,5,4.9,4.8,4.7,4.7,4.6,4.7,4.7,4.8,4.8,4.9,4.9,4.8,4.7,4.6,4.4,4.1,3.9,3.7,3.5,3.5,3.4,3.4,3.4,3.5,3.5,3.5,3.5,3.5,3.4,3.5,3.5,3.5,3.5,3.5,3.5,3.5,3.4,3.4,3.4,3.3,3.3,3.3,3.3,3.3,3.3,3.4,3.4,3.5,3.6,3.7,3.9,4,15.8,9.6,9.3,8.9,8.1,7.9,7.8,5.6,5.6,5.1,4.9,5.1,5,5,4.9,4.7,4.6
Texas,8.2,8,7.8,7.5,7.3,7.1,7,6.7,6.8,6.8,6.8,6.7,6.6,6.5,6.5,6.5,6.5,6.5,6.6,6.5,6.5,6.4,6.4,6.3,6.3,6.2,6.1,6,5.8,5.7,5.6,5.5,5.4,5.3,5.2,5.2,5.1,5,4.9,4.8,4.6,4.6,4.5,4.5,4.5,4.4,4.4,4.4,4.5,4.5,4.5,4.5,4.5,4.5,4.4,4.5,4.5,4.6,4.7,4.7,4.7,4.8,4.8,4.8,4.8,4.8,4.7,4.6,4.5,4.4,4.3,4.2,4.2,4.1,4.1,4.1,4.1,4.1,4,4,4,3.9,3.9,3.8,3.8,3.8,3.8,3.8,3.8,3.7,3.6,3.5,3.5,3.4,3.4,3.5,3.5,3.5,3.5,3.5,3.5,3.6,3.7,4.9,12.9,11.6,10.2,9.3,6.9,7.9,7.3,7.2,6.9,6.8,6.9,6.9,6.7,6.6,6.5,6.2,5.9
Utah,7,6.6,6.2,5.8,5.4,5.3,4.7,4.8,4.8,4.9,4.8,4.8,4.7,4.7,4.6,4.6,4.6,4.5,4.4,4.4,4.3,4.3,4.2,4.2,4.2,4.1,4,4,3.9,3.8,3.7,3.7,3.6,3.6,3.6,3.6,3.6,3.6,3.6,3.6,3.6,3.6,3.5,3.5,3.5,3.5,3.5,3.5,3.5,3.5,3.5,3.5,3.5,3.5,3.5,3.5,3.4,3.4,3.4,3.3,3.3,3.3,3.2,3.2,3.2,3.2,3.2,3.2,3.2,3.2,3.2,3.2,3.1,3.1,3.1,3.1,3.1,3,3,3,2.9,2.9,2.9,2.9,2.9,2.9,2.9,2.9,2.8,2.8,2.7,2.7,2.6,2.6,2.5,2.5,2.5,2.4,2.4,2.4,2.4,2.4,2.5,2.5,10.1,7.6,6.3,5.4,4.8,4.2,3.8,3.5,3.3,3.1,3,2.9,2.8,2.7,2.7,2.6,2.6
Vermont,5.5,5.4,5.2,5.1,5,4.9,4.9,4.8,4.9,4.9,4.9,4.9,4.8,4.8,4.7,4.7,4.6,4.6,4.6,4.6,4.5,4.5,4.5,4.4,4.4,4.3,4.3,4.2,4.1,4.1,4,4,4,4,4,4,4,4,4,3.9,3.9,3.8,3.7,3.7,3.6,3.6,3.5,3.5,3.5,3.4,3.4,3.4,3.3,3.2,3.2,3.2,3.1,3.1,3.1,3.1,3.1,3.1,3.1,3.1,3.1,3.2,3.2,3.1,3.1,3,3,2.9,2.9,2.9,2.9,3,3,3,3,2.9,2.9,2.8,2.7,2.6,2.5,2.4,2.3,2.3,2.3,2.2,2.2,2.2,2.2,2.2,2.2,2.3,2.3,2.4,2.5,2.5,2.5,2.5,2.5,2.6,14.8,9.3,7.7,6.4,5.4,4.6,4,3.7,3.5,3.2,3,2.9,2.9,3,3.1,3,3
Virginia,6.6,6.6,6.5,6.4,6.3,6.2,6.2,6.1,6.1,6.1,6,5.9,5.9,5.8,5.7,5.7,5.7,5.6,5.6,5.6,5.6,5.6,5.6,5.6,5.6,5.5,5.5,5.4,5.4,5.3,5.3,5.3,5.3,5.2,5.2,5.1,5.1,5,4.9,4.9,4.8,4.8,4.7,4.7,4.6,4.5,4.4,4.3,4.2,4.1,4.1,4,4,4,3.9,3.9,3.9,3.9,4,4,4.1,4.1,4.1,4.1,4,4,3.9,3.9,3.8,3.8,3.7,3.6,3.6,3.5,3.5,3.4,3.3,3.2,3.1,3.1,3,3,2.9,2.9,2.8,2.8,2.8,2.9,2.9,2.9,2.9,2.8,2.8,2.7,2.6,2.6,2.6,2.6,2.5,2.5,2.5,2.5,2.5,2.6,11.3,8.5,8.8,7.9,7,6.6,6.1,5.8,5.6,5.3,5.2,5.1,4.7,4.5,4.3,4.2,4
Washington,8.5,8.4,8.3,8.1,8,8,7.9,7.9,7.9,8,8,7.8,7.6,7.4,7.2,7.1,6.9,6.9,6.7,6.7,6.7,6.7,6.7,6.7,6.7,6.6,6.5,6.4,6.3,6.2,6.1,6.1,6,6,5.9,5.9,5.9,5.8,5.8,5.7,5.7,5.6,5.5,5.5,5.4,5.4,5.4,5.4,5.4,5.4,5.4,5.4,5.4,5.4,5.4,5.4,5.3,5.3,5.3,5.3,5.2,5.1,5.1,5,4.9,4.8,4.7,4.6,4.5,4.5,4.6,4.6,4.6,4.7,4.7,4.6,4.6,4.5,4.4,4.4,4.3,4.3,4.3,4.3,4.3,4.4,4.4,4.5,4.5,4.5,4.5,4.4,4.3,4.2,4.1,4.1,4.1,4,3.9,3.9,3.9,4,4.1,5.3,16.3,12.5,10.8,10.8,9.1,8,7,6.7,6.3,6,5.6,5.5,5.4,5.2,5.2,5.1,5.1
West Virginia,7.8,7.7,7.5,7.4,7.2,7.1,7,7.1,7.2,7.3,7.4,7.4,7.4,7.4,7.3,7.3,7.2,7.1,6.9,6.8,6.7,6.6,6.6,6.6,6.6,6.6,6.7,6.7,6.7,6.7,6.7,6.7,6.6,6.5,6.5,6.4,6.4,6.4,6.4,6.3,6.4,6.4,6.5,6.7,6.8,6.8,6.8,6.7,6.6,6.5,6.4,6.4,6.4,6.4,6.3,6.3,6.2,6.2,6.2,6.1,6.1,6,5.9,5.8,5.6,5.4,5.3,5.1,5.1,5,5.1,5.1,5.2,5.3,5.3,5.4,5.4,5.4,5.4,5.4,5.4,5.3,5.2,5.1,5,5,5,5.1,5.1,5,5,4.9,4.8,4.8,4.8,4.9,4.9,5,4.9,4.9,4.9,5,5.1,5.3,15.6,11.9,10.5,9.4,8.5,7.9,7.4,7,6.7,6.5,6.2,5.9,5.8,5.5,5.3,5,4.8
Wisconsin,7.6,7.5,7.4,7.3,7.1,7,6.9,6.9,7,7,7,7,6.9,6.9,6.8,6.8,6.9,6.9,6.9,6.9,6.9,6.8,6.7,6.7,6.6,6.5,6.4,6.3,6.1,6,5.9,5.7,5.6,5.5,5.4,5.3,5.1,5,5,4.9,4.8,4.7,4.7,4.6,4.6,4.5,4.4,4.4,4.3,4.3,4.2,4.2,4.2,4.1,4.1,4,4,4,3.9,3.9,3.9,3.9,3.8,3.7,3.6,3.5,3.4,3.3,3.3,3.3,3.3,3.3,3.3,3.2,3.2,3.1,3,3,3,3,3,3,3,3,3,3,3,3,3.1,3.1,3.1,3.2,3.2,3.3,3.3,3.4,3.4,3.4,3.3,3.3,3.3,3.3,3.3,3.2,14.8,10.4,8.6,7.2,6.1,5.2,4.8,4.4,4,3.8,3.8,3.8,3.9,3.9,3.9,3.9,3.9
Wyoming,6,6,6,6,5.9,5.8,5.7,5.6,5.6,5.6,5.6,5.5,5.5,5.4,5.3,5.2,5.2,5.1,5,4.9,4.8,4.7,4.7,4.6,4.6,4.6,4.6,4.6,4.6,4.5,4.4,4.4,4.4,4.4,4.4,4.4,4.4,4.4,4.3,4.1,4,3.9,3.9,4,4.1,4.2,4.2,4.2,4.2,4.3,4.3,4.5,4.7,5,5.3,5.5,5.7,5.7,5.6,5.4,5.3,5.2,5.2,5.1,5,4.8,4.6,4.4,4.2,4.1,4.1,4.2,4.2,4.3,4.3,4.3,4.2,4.2,4.1,4.1,4,4,4,4,4,4,4,4,3.9,3.7,3.6,3.5,3.5,3.5,3.6,3.7,3.8,3.8,3.9,4,4.2,4.4,4.8,5.1,5.5,8.5,7.4,6.8,6.2,5.7,5.4,5.3,5.2,5.1,5.3,5.3,5.4,5.4,5.4,5.2,4.9
Puerto Rico,15.7,15.6,15.5,15.5,15.4,15.3,15.1,14.9,14.7,14.5,14.2,14.1,14,14,14.2,14.3,14.3,14.2,14.1,13.8,13.7,13.7,13.8,14,14.3,14.5,14.8,14.9,15,14.9,14.6,14.2,13.8,13.6,13.6,13.8,14,14,13.7,13.2,12.6,12.2,12,12.1,12.1,12.1,12.1,12.1,12.1,12,12,12,11.9,11.7,11.6,11.5,11.5,11.6,11.6,11.7,11.8,12,12.1,12,11.9,11.8,11.5,11.2,10.9,10.6,10.4,10.4,10.5,10.7,11.3,10.9,10.7,10.4,10.2,9.9,9.7,9.5,9.2,9,8.7,8.5,8.3,8.3,8.4,8.6,8.7,8.6,8.4,8.1,7.7,7.6,7.7,8,8.4,8.7,9,9.1,9,-,-,8.5,8.4,8.3,8.3,8.6,9,9.2,9.2,9.3,9.2,8.8,8.4,8.2,8.1,8.2,8.4
